﻿<?xml version="1.0" encoding="utf-8" standalone="no" ?>
<ContractorMod>
    <!--
    This file is used only when creating new savegame.
    Following changes can be made here:
     - You can set from 2 to 8 workers by changing numWorkers value.
     - Worker name can be changed here for default new game or in the wardrobe screen for each character.
     - Worker playerBodyIndex can be set from 1 to 4
       - for male character, use player01.xml file
       - for female character, use player02.xml file
     - Other attributes should better be retrieved from ContractorMod.xml file in savegame directory once configured in wardrobe screen. 
    If you want to modify some element on a savegame, you can edit similar file in corresponding savegame directory
    -->
    <workers numWorkers="4">
        <worker name="Alex">
            <style filename="dataS/character/humans/player/player01.xml" beardConfig="0" bottomConfig="1" bottomConfigColor="5" faceConfig="1" faceConfigColor="1" footwearConfig="1" footwearConfigColor="2" glassesConfig="0" glovesConfig="0" hairStyleConfig="6" hairStyleConfigColor="6" headgearConfig="0" mustacheConfig="0" onepieceConfig="0" topConfig="1" topConfigColor="65" facegearConfig="0"/>
        </worker>
        <worker name="Brenda">
            <style filename="dataS/character/humans/player/player02.xml" beardConfig="0" bottomConfig="1" bottomConfigColor="5" faceConfig="4" faceConfigColor="1" footwearConfig="1" footwearConfigColor="2" glassesConfig="0" glovesConfig="0" hairStyleConfig="16" hairStyleConfigColor="6" headgearConfig="0" mustacheConfig="0" onepieceConfig="0" topConfig="1" topConfigColor="65" facegearConfig="0"/>
        </worker>
        <worker name="Chris">
            <style filename="dataS/character/humans/player/player01.xml" beardConfig="0" bottomConfig="1" bottomConfigColor="5" faceConfig="3" faceConfigColor="1" footwearConfig="1" footwearConfigColor="2" glassesConfig="0" glovesConfig="0" hairStyleConfig="16" hairStyleConfigColor="6" headgearConfig="0" mustacheConfig="0" onepieceConfig="0" topConfig="1" topConfigColor="65" facegearConfig="0"/>
        </worker>
        <worker name="David">
            <style filename="dataS/character/humans/player/player01.xml" beardConfig="0" bottomConfig="1" bottomConfigColor="5" faceConfig="6" faceConfigColor="1" footwearConfig="1" footwearConfigColor="2" glassesConfig="0" glovesConfig="0" hairStyleConfig="16" hairStyleConfigColor="6" headgearConfig="0" mustacheConfig="0" onepieceConfig="0" topConfig="1" topConfigColor="65" facegearConfig="0"/>
        </worker>
        <worker name="Ed">
            <style filename="dataS/character/humans/player/player01.xml" beardConfig="0" bottomConfig="1" bottomConfigColor="5" faceConfig="6" faceConfigColor="1" footwearConfig="1" footwearConfigColor="2" glassesConfig="0" glovesConfig="0" hairStyleConfig="16" hairStyleConfigColor="6" headgearConfig="0" mustacheConfig="0" onepieceConfig="0" topConfig="1" topConfigColor="65" facegearConfig="0"/>
        </worker>
        <worker name="Frank">
            <style filename="dataS/character/humans/player/player01.xml" beardConfig="0" bottomConfig="1" bottomConfigColor="5" faceConfig="6" faceConfigColor="1" footwearConfig="1" footwearConfigColor="2" glassesConfig="0" glovesConfig="0" hairStyleConfig="16" hairStyleConfigColor="6" headgearConfig="0" mustacheConfig="0" onepieceConfig="0" topConfig="1" topConfigColor="65" facegearConfig="0"/>
        </worker>
        <worker name="Gary">
            <style filename="dataS/character/humans/player/player01.xml" beardConfig="0" bottomConfig="1" bottomConfigColor="5" faceConfig="6" faceConfigColor="1" footwearConfig="1" footwearConfigColor="2" glassesConfig="0" glovesConfig="0" hairStyleConfig="16" hairStyleConfigColor="6" headgearConfig="0" mustacheConfig="0" onepieceConfig="0" topConfig="1" topConfigColor="65" facegearConfig="0"/>
        </worker>
        <worker name="Henry">
            <style filename="dataS/character/humans/player/player01.xml" beardConfig="0" bottomConfig="1" bottomConfigColor="5" faceConfig="6" faceConfigColor="1" footwearConfig="1" footwearConfigColor="2" glassesConfig="0" glovesConfig="0" hairStyleConfig="16" hairStyleConfigColor="6" headgearConfig="0" mustacheConfig="0" onepieceConfig="0" topConfig="1" topConfigColor="65" facegearConfig="0"/>
        </worker>
      </workers>
    <displaySettings>
        <!-- 
          You can change here the position and size of current character name displayed on screen
          Default values used on FS17: x="0.9828" y="0.45" size="0.024"
        -->
        <characterName x="0.9828" y="0.90" size="0.024"/>
        <playerName displayPlayerNames="true"/>
    </displaySettings>
    <passengerSeats displayWarning="false">
        <!-- mods can be added here so they won't be overwritten if ContractorMod is updated -->
        <Passenger vehiclesName="$moddir$FS22_JohnDeere8r2016/series8R.xml" seatIndex="1" x="0.5494" y="2.3036" z="-1.3561" rx="0" ry="0" rz="0"/>
    </passengerSeats>
</ContractorMod>
