<?xml version="1.0" encoding="utf-8" standalone="no" ?>
<l10n>
    <texts>
        <text name="input_ContractorMod_NEXTWORKER" text="Przełącz na następnego pracownika" />
        <text name="input_ContractorMod_PREVWORKER" text="Przełącz na poprzedniego pracownika" />
        <text name="input_ContractorMod_WORKER1" text="Przełącz na pracownika 1" />
        <text name="input_ContractorMod_WORKER2" text="Przełącz na pracownika 2" />
        <text name="input_ContractorMod_WORKER3" text="Przełącz na pracownika 3" />
        <text name="input_ContractorMod_WORKER4" text="Przełącz na pracownika 4" />
        <text name="input_ContractorMod_WORKER5" text="Przełącz na pracownika 5" />
        <text name="input_ContractorMod_WORKER6" text="Przełącz na pracownika 6" />
        <text name="input_ContractorMod_WORKER7" text="Przełącz na pracownika 7" />
        <text name="input_ContractorMod_WORKER8" text="Przełącz na pracownika 8" />
        <text name="ContractorMod_VEHICLE_NOT_FREE" text="Pojazd jest już kontrolowany przez innego pracownika" />
        <text name="ContractorMod_WORKER_STOP" text="Pojazd zatrzyma się, gdy go opuścisz" />
        <text name="ContractorMod_NO_MORE_PASSENGER" text="Brak więcej miejsca dla pasażera w tym pojeździe" />
        <text name="ContractorMod_WORKER_INACTIVE" text="Ten pracownik jest obecnie nieaktywny" />
    </texts>
</l10n>
